20188954,2026-08-30,Sincan'da Zincirleme Kaza Dehşeti!,https://www.instagram.com/reels/DcqiA2UgPkd/,2026-08-30T12:41:07Z
20188809,2026-08-30,Gökçek'e Yurt Dışı Para Soruşturması!,https://www.instagram.com/reels/DcqkT-GCJlq/,2026-08-30T13:00:34Z
20188766,2026-08-30,Dışişleri'nden İsrail'e Sert Tepki!,https://www.instagram.com/reels/Dcq4miZDDcz/,2026-08-30T13:58:00Z
20188769,2026-08-29,İçişleri Bakan Yardımcısı Kızılcahamam Ziyareti,https://www.instagram.com/reels/DcqbwkMFdR5/,2026-08-29T00:00:00Z
20188635,2026-08-29,Enginyurt'un Danışmanına Gözaltı,https://www.instagram.com/reel/DcrCBQIEqXG/,2026-08-30T17:32:32Z
20188501,2026-08-29,AİHS'den Çekilme mi Geliyor?,https://www.instagram.com/reel/DcrGNFqDe0m/,2026-08-30T17:59:33Z
20188415,2026-08-29,Yeni Parti Milletvekili Cemal Enginyurt'un danışmanı Cem Tekinoğlu gözaltına alındı,https://www.instagram.com/reel/DcrVHJkkYQG/,2026-08-30T23:59:00Z
haberankara:320229,2026-08-30,Akyurt'ta Feci Kaza,https://www.instagram.com/p/DcrVjvOASYJ/,2026-08-30T20:13:53Z
haberankara:320224,2026-08-30,Beypazarı'nda Turizm Yoğunluğu,https://www.instagram.com/p/DcrZyQTEY2C/,2026-08-30T20:53:00Z
20188228,2026-08-29,Nallıhan'da Tır Dehşeti: Yaralılar Var,https://www.instagram.com/reels/Dcrd1RKjlww/,2026-08-30T21:23:44Z
haberankara:320222,2026-08-30,Keçiören'de Zafer Kupası,https://www.instagram.com/p/DcrmhLhCme2/,2026-08-30T22:39:29Z
20191585,2026-08-31,İzmir'de hâkime WhatsApp'tan şantaj ve tehdide 1 tutuklama,https://www.instagram.com/reels/DcrxdAXjUs4/,2026-08-31T00:14:48Z
haberankara:320226,2026-08-30,MSB Bando Konserlerini İptal Etti,https://www.instagram.com/p/Dcr3BDuEraz/,2026-08-31T01:03:02Z
20191584,2026-08-30,Ankara'da Elektrikler Ne Zaman Gelecek?,https://www.instagram.com/reel/Dcr_UGikWcQ/,2026-08-31T02:16:31Z
20191419,2026-08-30,Akyurt'ta Yayaya Otomobil Dehşeti!,https://www.instagram.com/reels/DcsND33FUQ3/,2026-08-31T04:15:22Z
haberler:20190382,2026-08-30,Fidan Libya Komutanini Kabul Etti,https://www.instagram.com/p/DcsNiQNj0kP/,2026-08-31T04:23:30Z
20191378,2026-08-30,Beypazarı'nda Fener Alayı Coşkusu!,https://www.instagram.com/reels/DcsUg28kZBb/,2026-08-31T05:21:07Z
haberankara:320228,2026-08-30,Erdogan'dan Zafer Bayrami Mesaji,https://www.instagram.com/p/DcsWWyAFA7Z/,2026-08-31T05:37:02Z
20190705,2026-08-30,Beypazarı'nda Sabah Namazı Buluşmaları,https://www.instagram.com/reels/Dcsattuk7nT/,2026-08-31T09:20:00Z
20190670,2026-08-30,Zafer Bayrami 104 Yili Kutlandi,https://www.instagram.com/p/DcsfXuyARn5/,2026-08-31T06:56:19Z
yeniankara:https://www.yeniankara.com.tr/cankaya/cankayada-ahsap-oyun-etkinlikleri-basladi-japon-bilardosundan-yapboza-181220,2026-08-31,Japon bilardosundan yapboza: Çankaya'da Ahşap Oyun Etkinlikleri başladı!,https://www.instagram.com/reel/DctLfSvgZgV/,2026-08-31T13:20:27Z
haberankara:https://www.haberankara.com/ankara/bakan-gurlek-en-onemli-sorun-yarginin-uzamasi-320257,2026-08-31,Bakan Gürlek: 'En önemli sorun yargının uzaması',https://www.instagram.com/reel/DctReDbFXFk/,2026-08-31T14:12:43Z
haberankara:https://www.haberankara.com/ankara/cankayada-ozellestirilecek-iki-tasinmazin-nihai-pazarlik-gorusmeleri-tamamlandi-320262,2026-08-31,Çankaya'da özelleştirilecek iki taşınmazın nihai pazarlık görüşmeleri tamamlandı,https://www.instagram.com/reel/DctjwF9ggTF/,2026-08-31T16:52:36Z
haberankara:https://www.haberankara.com/gundem/ankarada-vietnamin-milli-gunu-duzenlenen-resepsiyonla-kutlandi-320270,2026-08-31,Ankara'da Vietnam'ın milli günü düzenlenen resepsiyonla kutlandı,https://www.instagram.com/reel/DcuCm6BiJX9/,2026-08-31T21:22:11Z
haberankara:https://www.haberankara.com/gundem/bakan-kemal-memisoglu-d-8-genel-sekreteri-mahmoodu-agirladi-320271,2026-08-31,"Bakan Kemal Memişoğlu, D-8 Genel Sekreteri Mahmood'u ağırladı",https://www.instagram.com/reel/DcuFTZmDjvn/,2026-08-31T21:45:44Z
yeniankara:https://www.yeniankara.com.tr/ankara/ankarada-otoparki-en-dert-olan-7-bolge-181259,2026-09-01,Ankara'da otoparkı en dert olan 7 bölge,https://www.instagram.com/reel/Dcudmf3iujw/,2026-09-01T01:18:04Z
yeniankara:https://www.yeniankara.com.tr/ankara/ankara-yol-durumu-icin-kritik-uyari-cevre-otoyolunda-degisiklik-181279,2026-09-01,Ankara yol durumu için kritik uyarı: Çevre otoyolunda değişiklik,https://www.instagram.com/reel/DcvDQZaAHun/,2026-09-01T06:46:58Z
yeniankara:https://www.yeniankara.com.tr/ankara/ankarada-nohut-bereketi-uretici-destekten-memnun-181324,2026-09-01,Ankara’da nohut bereketi: Üretici destekten memnun!,https://www.instagram.com/reel/DcvVDyFEbLv/,2026-09-01T09:22:23Z
yeniankara:https://www.yeniankara.com.tr/cubuk/cubuk-tursu-festivali-icin-ak-parti-ankara-il-baskanina-baki-demirbastan-davet-181358,2026-09-01,Çubuk Turşu Festivali için AK Parti Ankara İl Başkanı’na Baki Demirbaş'tan davet!,https://www.instagram.com/reel/DcvrDNxj2od/,2026-09-01T12:34:34Z
yeniankara:https://www.yeniankara.com.tr/ankara/ankarada-yesil-donusum-mansur-yavas-rakami-acikladi-21-milyon-metrekare-181385,2026-09-01,Ankara’da yeşil dönüşüm! Mansur Yavaş rakamı açıkladı: 21 milyon metrekare,https://www.instagram.com/reel/DcwHDM1j8Y0/,2026-09-01T16:39:32Z
haberankara:https://www.haberankara.com/ankara-kesfet/unesco-dunya-mirasi-asil-listesinde-ankaradan-iki-yapi-bulunuyor-320302,2026-09-01,UNESCO Dünya Mirası Asıl Listesi’nde Ankara'dan iki yapı bulunuyor,https://www.instagram.com/reel/DcwJDE9iuK-/,2026-09-01T16:57:00Z
yeniankara:https://www.yeniankara.com.tr/ankara/etlik-sehir-hastanesinde-yogun-bakim-alarmi-hemsireler-konusursak-baska-yere-gonderilmekle-tehdit-ediliyoruz-181391,2026-09-01,Etlik Şehir Hastanesi’nde yoğun bakım alarmı! Hemşireler: “Konuşursak başka yere gönderilmekle tehdit ediliyoruz”,https://www.instagram.com/reel/DcwdzWOAj04/,2026-09-01T19:58:16Z
haberankara:https://www.haberankara.com/ankara/cankayada-musterinin-gizlice-fotografini-cektigi-iddia-edilen-eczaci-olayinda-yeni-gelisme-320311,2026-09-01,Çankaya'da müşterinin gizlice fotoğrafını çektiği iddia edilen eczacı olayında yeni gelişme,https://www.instagram.com/reel/DcwqAuUifmv/,2026-09-01T21:44:52Z
yeniankara:https://www.yeniankara.com.tr/ankara/cankayada-alkollu-surucunun-carptigi-odtu-ogrencisi-hayatini-kaybetti-181398,2026-09-01,Çankaya'da alkollü sürücünün çarptığı ODTÜ öğrencisi hayatını kaybetti,https://www.instagram.com/reel/Dcwv-TPGbei/,2026-09-01T22:37:02Z
yeniankara:https://www.yeniankara.com.tr/ankara/ankarada-sonbahar-nasil-geciyor-nelere-dikkat-etmeli-181405,2026-09-02,Ankara'da sonbahar nasıl geçiyor? Nelere dikkat etmeli?,https://www.instagram.com/reel/Dcw9SzYDSue/,2026-09-02T00:33:23Z
haberankara:https://www.haberankara.com/spor/mke-ankaragucunden-genclik-parkinda-duzenlenen-kutlama-icin-tesekkur-320312,2026-09-02,MKE Ankaragücü'nden Gençlik Parkı'nda düzenlenen kutlama için teşekkür,https://www.instagram.com/reel/DcxcWoWivhm/,2026-09-02T05:04:56Z
yeniankara:https://www.yeniankara.com.tr/ankara/isyurtlari-urun-ve-el-sanatlari-fuari-ankarada-acildi-181456,2026-09-02,İşyurtları Ürün ve El Sanatları Fuarı Ankara’da açıldı,https://www.instagram.com/reel/Dcx7UABj5tY/,2026-09-02T09:35:23Z
yeniankara:https://www.yeniankara.com.tr/ankara/abbden-ataturk-orman-ciftliginde-mum-isiginda-konser-181495,2026-09-02,ABB'den Atatürk Orman Çiftliği'nde mum ışığında konser!,https://www.instagram.com/reel/DcyY6PgAefw/,2026-09-02T13:53:56Z
yeniankara:https://www.yeniankara.com.tr/ankara/ankarada-universitelilerin-ev-telasi-basladi-en-cok-hangi-bolgeleri-tercih-ediyorlar-181506,2026-09-02,Ankara’da üniversitelilerin ev telaşı başladı! En çok hangi bölgeleri tercih ediyorlar?,https://www.instagram.com/reel/Dcy0ZOPFaAA/,2026-09-02T17:53:56Z
yeniankara:https://www.yeniankara.com.tr/ankara/altindagda-cati-yangini-panigi-akaryakit-istasyonunun-giris-cikisi-kapatildi-181513,2026-09-02,Altındağ’da çatı yangını paniği: Akaryakıt istasyonunun giriş çıkışı kapatıldı,https://www.instagram.com/reel/DczJ0FkEn--/,2026-09-02T21:01:17Z
yeniankara:https://www.yeniankara.com.tr/ankara/camliderede-mahalle-mesaisi-baskan-ceylan-omeragayi-adim-adim-inceledi-181515,2026-09-02,Çamlıdere’de mahalle mesaisi: Başkan Ceylan Ömerağa’yı adım adım inceledi,https://www.instagram.com/reel/DczZl47DHWn/,2026-09-02T23:19:05Z
yeniankara:https://www.yeniankara.com.tr/ankara/ankaradaki-osmanli-donemi-eserleri-hangileri-181524,2026-09-03,Ankara'daki Osmanlı dönemi eserleri hangileri?,https://www.instagram.com/reel/DczoS-uDIny/,2026-09-03T01:27:35Z
haberler:https://www.haberler.com/haberler/motorine-8-lira-24-kurus-zam-geliyor-ankara-ve-20201701-haberi/,2026-09-03,Motorine 8 lira 24 kuruş zam geliyor! Ankara ve İzmir'de 90 TL'yi aşacak,https://www.instagram.com/reel/Dc0K8KnEjsZ/,2026-09-03T06:30:18Z
yeniankara:https://www.yeniankara.com.tr/cubuk/18-uluslararasi-cubuk-kultur-ve-tursu-festivali-basladi-iste-etkinlik-programi-181598,2026-09-03,18. Uluslararası Çubuk Kültür ve Turşu Festivali başladı! İşte etkinlik programı,https://www.instagram.com/reel/Dc0u1lplXG4/,2026-09-03T11:44:01Z
haberankara:https://www.haberankara.com/gundem/abdulkadir-uraloglu-ankarasamsun-arasi-25-saate-inecek-320377,2026-09-03,"Abdulkadir Uraloğlu: ""Ankara–Samsun arası 2,5 saate inecek""",https://www.instagram.com/reel/Dc1O5QZDWuc/,2026-09-03T16:24:08Z
haberankara:https://www.haberankara.com/ankara/ankara-kalecikte-39-buyuklugunde-deprem-oldu-320380,2026-09-03,"Ankara Kalecik'te 3,9 büyüklüğünde deprem oldu",https://www.instagram.com/reel/Dc1j5fED3pB/,2026-09-03T19:27:38Z
haberankara:https://www.haberankara.com/ankara/ankara-emniyet-mudurlugunde-emekli-olan-personele-veda-toreni-320388,2026-09-03,Ankara Emniyet Müdürlüğü'nde emekli olan personele veda töreni,https://www.instagram.com/reel/Dc10si4iajV/,2026-09-03T21:54:29Z
yeniankara:https://www.yeniankara.com.tr/ankara/unlu-gazeteciye-ankarada-scooter-carpti-181650,2026-09-04,Ünlü gazeteciye Ankara'da scooter çarptı,https://www.instagram.com/reel/Dc2DhDgk4M7/,2026-09-04T00:03:57Z
yeniankara:https://www.yeniankara.com.tr/nallihan/sariyarin-gizli-cenneti-nallihanda-yaban-hayatina-tekneyle-yolculuk-181056,2026-09-04,Sarıyar’ın gizli cenneti: Nallıhan’da yaban hayatına tekneyle yolculuk,https://www.instagram.com/reel/Dc2hlKIDAGl/,2026-09-04T04:26:40Z
yeniankara:https://www.yeniankara.com.tr/ankara/abbden-istihdam-destekli-ve-e-devlet-onayli-hasta-ve-yasli-bakici-egitimi-181682,2026-09-04,"ABB'den istihdam destekli ve e-devlet onaylı ""hasta ve yaşlı bakıcı eğitimi""",https://www.instagram.com/reel/Dc3BW5UleK5/,2026-09-04T09:04:21Z
yeniankara:https://www.yeniankara.com.tr/ankara/ankara-cumhuriyet-bassavciligi-dugmeye-basti-gokcek-donemi-dosyalari-acildi-181708,2026-09-04,Ankara Cumhuriyet Başsavcılığı düğmeye bastı! Gökçek dönemi dosyaları açıldı,https://www.instagram.com/reel/Dc3f5Z2Djku/,2026-09-04T13:31:01Z
haberankara:https://www.haberankara.com/gundem/ibrahim-yumakli-450-milyon-lira-tarimsal-destek-odemesi-yapiyoruz-320416,2026-09-04,"İbrahim Yumaklı: ""450 milyon lira tarımsal destek ödemesi yapıyoruz""",https://www.instagram.com/reel/Dc34nVajTqj/,2026-09-04T17:07:11Z
haberankara:https://www.haberankara.com/ankara/altindagda-yolun-karsisina-gecmek-isterken-otomobilin-carptigi-yaya-hayatini-kaybetti-320421,2026-09-04,Altındağ'da yolun karşısına geçmek isterken otomobilin çarptığı yaya hayatını kaybetti,https://www.instagram.com/reel/Dc4JflsjeYX/,2026-09-04T19:34:38Z
haberankara:https://www.haberankara.com/ankara/yenimahallede-korsan-kitap-uretimi-yaptiklari-iddiasiyla-3-supheli-yakalandi-320427,2026-09-04,Yenimahalle'de korsan kitap üretimi yaptıkları iddiasıyla 3 şüpheli yakalandı,https://www.instagram.com/reel/Dc4Y9dRiaqr/,2026-09-04T21:49:48Z
yeniankara:https://www.yeniankara.com.tr/ankara/ankarada-40-yillik-sanat-yok-oluyor-babasindan-miras-kaldi-cirak-bulamadi-181729,2026-09-05,"Ankara’da 40 yıllık sanat yok oluyor! Babasından miras kaldı, çırak bulamadı",https://www.instagram.com/reel/Dc4oG0CDW2m/,2026-09-05T00:02:11Z
haberankara:https://www.haberankara.com/gundem/pakistan-savunma-ve-sehitler-gunu-icin-ankarada-resepsiyon-duzenlendi-320433,2026-09-05,Pakistan Savunma ve Şehitler Günü için Ankara'da resepsiyon düzenlendi,https://www.instagram.com/reel/Dc5Fy0Tjgbq/,2026-09-05T04:21:25Z
haberankara:https://www.haberankara.com/ankara/baskentte-yasakli-madde-ve-fuhus-operasyonu-14-gozalti-320442,2026-09-05,Başkentte yasaklı madde ve fuhuş operasyonu: 14 gözaltı!,https://www.instagram.com/reel/Dc5i7b9k3z9/,2026-09-05T08:36:06Z
haberankara:https://www.haberankara.com/kecioren-haberleri/keciorende-acik-hava-sinema-gosterileri-devam-ediyor-320453,2026-09-05,Keçiören'de açık hava sinema gösterileri devam ediyor,https://www.instagram.com/reel/Dc567L0AYYd/,2026-09-05T12:05:52Z
yeniankara:https://www.yeniankara.com.tr/mamak/renklerin-suyla-dansini-hic-boyle-gormediniz-ilknur-gunesin-ab-i-sifa-sergisi-acildi-181840,2026-09-05,Renklerin suyla dansını hiç böyle görmediniz! İlknur Güneş’in “Ab-ı Şifa” sergisi açıldı,https://www.instagram.com/reel/Dc6QKfOANPU/,2026-09-05T15:11:30Z
haberankara:https://www.haberankara.com/spor/ankarada-cumhurbaskanligi-yari-maratonu-duzenlenecek-320456,2026-09-05,Ankara'da Cumhurbaşkanlığı Yarı Maratonu düzenlenecek!,https://www.instagram.com/reel/Dc6g2ZtFEgX/,2026-09-05T17:37:15Z
haberankara:https://www.haberankara.com/ekonomi/baskentte-ihracat-rakamlari-rekor-seviyeye-ulasti-320447,2026-09-05,Başkentte ihracat rakamları rekor seviyeye ulaştı!,https://www.instagram.com/reel/Dc6t-rsih25/,2026-09-05T19:31:55Z
haberankara:https://www.haberankara.com/saglik/gokbeyin-envantere-katilmasiyla-acil-saglik-hizmetleri-etkisini-artiracak-320443,2026-09-05,GÖKBEY'in envantere katılmasıyla acil sağlık hizmetleri etkisini artıracak,https://www.instagram.com/reel/Dc68__JFTFr/,2026-09-05T21:43:14Z
yeniankara:https://www.yeniankara.com.tr/ankara/ankaranin-en-manzarali-ego-hatti-hangisi-181779,2026-09-05,Ankara’nın en manzaralı EGO hattı hangisi?,https://www.instagram.com/reel/Dc7L223gUhC/,2026-09-05T23:53:05Z
yeniankara:https://www.yeniankara.com.tr/ankara/baskentliler-dikkat-ankaranin-5-ilcesinde-saatler-surecek-elektrik-kesintisi-181816,2026-09-06,Başkentliler dikkat! Ankara’nın 5 ilçesinde saatler sürecek elektrik kesintisi yaşanacak,https://www.instagram.com/reel/Dc7r27Sih0a/,2026-09-06T04:32:45Z
yeniankara:https://www.yeniankara.com.tr/ankara/cankayada-hasat-zamani-181879,2026-09-06,Çankaya'da hasat zamanı!,https://www.instagram.com/reel/Dc8J3RDDJTI/,2026-09-06T08:54:50Z
yeniankara:https://www.yeniankara.com.tr/ankara/etimesgutta-sasmaz-sanayiye-temizlik-operasyonu-181905,2026-09-06,Etimesgut'ta Şaşmaz Sanayi'ye temizlik operasyonu,https://www.instagram.com/reel/Dc8lN3pjsMc/,2026-09-06T12:53:53Z
yeniankara:https://www.yeniankara.com.tr/ankara/ankara-valisi-canbolat-altinkoy-acik-hava-muzesini-gezdi-181926,2026-09-06,Ankara Valisi Canbolat Altınköy Açık Hava Müzesi'ni gezdi,https://www.instagram.com/reel/Dc88LOwgRMw/,2026-09-06T16:14:29Z
yeniankara:https://www.yeniankara.com.tr/ankara/binalarin-arasinda-bir-vaha-dikmen-vadisi-181932,2026-09-06,Binaların arasında bir vaha: Dikmen Vadisi,https://www.instagram.com/reel/Dc9M3KBCEVu/,2026-09-06T18:40:18Z
yeniankara:https://www.yeniankara.com.tr/ankara/kizilcahamamda-minik-ogrencilere-anlamli-surpriz-siralarinda-cantalari-bekliyor-181943,2026-09-06,Kızılcahamam’da minik öğrencilere anlamlı sürpriz! Sıralarında çantaları bekliyor,https://www.instagram.com/reel/Dc9cJFljNWz/,2026-09-06T20:53:52Z
yeniankara:https://www.yeniankara.com.tr/spor/mke-ankaragucu-sahasinda-ankara-demirspora-uzatmada-maglup-oldu-181949,2026-09-06,MKE Ankaragücü sahasında Ankara Demirspor'a uzatmada mağlup oldu,https://www.instagram.com/reel/Dc9qCk0gVZJ/,2026-09-06T22:54:59Z
yeniankara:https://www.yeniankara.com.tr/ankara/ankaranin-metrosu-neden-hala-tum-sehri-kapsamiyor-181954,2026-09-07,Ankara'nın metrosu neden hâlâ tüm şehri kapsamıyor?,https://www.instagram.com/reel/Dc94SheFQbs/,2026-09-07T00:59:47Z
yeniankara:https://www.yeniankara.com.tr/ankara/ankarada-7-eylul-pazartesi-gunu-dev-elektrik-kesintisi-181934,2026-09-07,Ankara’da 7 Eylül günü dev elektrik kesintisi: 8 ilçede bakım ve iyileştirme çalışması yapılacak!,https://www.instagram.com/reel/Dc-bTInlBTO/,2026-09-07T06:05:42Z
haberankara:https://www.haberankara.com/politika/melih-gokcekin-oglu-ve-gelini-ifade-icin-ankara-adliyesine-geldi-320504,2026-09-07,Melih Gökçek'in oğlu ve gelini ifade için Ankara Adliyesi'ne geldi,https://www.instagram.com/reel/Dc_GvoblE-i/,2026-09-07T12:25:21Z
haberankara:https://www.haberankara.com/sincan-haberleri/sincan-belediyesi-market-denetimlerini-sikilastirdi-kapatma-cezasi-verdi-320522,2026-09-07,Sincan Belediyesi market denetimlerini sıkılaştırdı: Kapatma cezası verdi...,https://www.instagram.com/reel/Dc_soz6ERt3/,2026-09-07T17:56:25Z
yeniankara:https://www.yeniankara.com.tr/ankara/abbde-yeni-donem-naki-demir-2-baskanvekili-secildi-182050,2026-09-07,ABB’de yeni dönem: Naki Demir 2. Başkanvekili seçildi,https://www.instagram.com/reel/DdAFJmDia4S/,2026-09-07T21:30:38Z
haberankara:https://www.haberankara.com/ankara-buyuksehir-belediyesi/naki-demir-abb-2-baskanvekilli-olarak-secildi-320534,2026-09-07,"Naki Demir, ABB 2. Başkanvekilli olarak seçildi",https://www.instagram.com/reel/DdAUwLyk3Hu/,2026-09-07T23:47:07Z
haberankara:https://www.haberankara.com/sincan-haberleri/sincanda-saglikli-cocuk-festivali-etkinligi-duzenlendi-320499,2026-09-08,Sincan'da Sağlıklı Çocuk Festivali etkinliği düzenlendi,https://www.instagram.com/reel/DdA1L9kiBmq/,2026-09-08T04:30:29Z
yeniankara:https://www.yeniankara.com.tr/ankara/ankarada-binlerce-kisiye-surpriz-destek-masraflari-belediye-karsiladi-182103,2026-09-08,Ankara'da binlerce kişiye sürpriz destek: Masrafları belediye karşıladı!,https://www.instagram.com/reel/DdBU4EAlbAP/,2026-09-08T09:07:16Z
yeniankara:https://www.yeniankara.com.tr/ankara/etimesgutta-iki-mahalleye-mujde-kent-lokantasi-ve-dev-park-geliyor-182133,2026-09-08,Etimesgut’ta iki mahalleye müjde: Kent Lokantası ve dev park geliyor!,https://www.instagram.com/reel/DdBzumNCLym/,2026-09-08T13:36:59Z
yeniankara:https://www.yeniankara.com.tr/ankara/ankarada-uyusturucu-ve-fuhus-operasyonu-16-supheli-tutuklandi-182153,2026-09-08,Ankara’da uyuşturucu ve fuhuş operasyonu: 16 şüpheli tutuklandı,https://www.instagram.com/reel/DdCOyEUgcN0/,2026-09-08T17:33:18Z
yeniankara:https://www.yeniankara.com.tr/ankara/altindagda-ogrencilere-egitim-destegi-baskan-tiryaki-duyurdu-182159,2026-09-08,Altındağ’da öğrencilere eğitim desteği: Başkan Tiryaki duyurdu,https://www.instagram.com/reel/DdChdfBD1Dc/,2026-09-08T20:16:29Z
haberankara:https://www.haberankara.com/is-dunyasi/turkiye-abd-is-konseyi-toplantisi-gerceklestirildi-320569,2026-09-08,Türkiye-ABD İş Konseyi Toplantısı gerçekleştirildi,https://www.instagram.com/reel/DdC0JMBjEB_/,2026-09-08T22:59:35Z
yeniankara:https://www.yeniankara.com.tr/ankara/ankaranin-bir-semti-onlarca-parkiyla-dikkat-cekiyor-182172,2026-09-09,Ankara'nın bir semti onlarca parkıyla dikkat çekiyor,https://www.instagram.com/reel/DdDDujNCCcS/,2026-09-09T01:15:55Z
yeniankara:https://www.yeniankara.com.tr/ankara-siyaset/chpde-103-yillik-miras-heyecani-182185,2026-09-09,CHP’de 103 yıllık miras heyecanı!,https://www.instagram.com/reel/DdDo88bjM2_/,2026-09-09T06:41:12Z
haberankara:https://www.haberankara.com/pursaklar-haberleri/pursaklar-belediyesi-okullarda-bakim-onarima-devam-ediyor-320598,2026-09-09,"Pursaklar Belediyesi, okullarda bakım onarıma devam ediyor!",https://www.instagram.com/reel/DdEP5AfkypL/,2026-09-09T12:21:29Z
yeniankara:https://www.yeniankara.com.tr/ankara/yenimahalle-belediyesinden-egitime-guclu-destek-5-bin-ogrenciye-ucretsiz-egitim-182253,2026-09-09,Yenimahalle Belediyesinden eğitime güçlü destek: 5 bin öğrenciye ücretsiz eğitim,https://www.instagram.com/reel/DdEvX76k7P-/,2026-09-09T16:56:24Z
haberankara:https://www.haberankara.com/ankara/golbasinda-kacakcilik-operasyonu-2-milyon-160-bin-makaron-ele-gecirildi-320615,2026-09-09,Gölbaşı'nda kaçakçılık operasyonu: 2 milyon 160 bin makaron ele geçirildi,https://www.instagram.com/reel/DdFC-1RE5Ns/,2026-09-09T19:47:53Z
haberankara:https://www.haberankara.com/magazin/ankaraya-yildiz-yagmuru-ankara-kultur-yolu-festivali-ucretsiz-konser-takvimi-aciklandi-320625,2026-09-09,Ankara'ya yıldız yağmuru: Ankara Kültür Yolu Festivali ücretsiz konser takvimi açıklandı!,https://www.instagram.com/reel/DdFV5yTgGmh/,2026-09-09T22:33:04Z
haberankara:https://www.haberankara.com/is-dunyasi/asodan-sanayide-donusum-yetkinlik-ve-rekabetcilik-paneline-davet-320624,2026-09-10,"ASO'dan 'Sanayide Dönüşüm, Yetkinlik ve Rekabetçilik' paneline davet",https://www.instagram.com/reel/DdFj6kSDV8U/,2026-09-10T00:35:41Z
haberler:https://www.haberler.com/3-sayfa/ankara-da-dugunde-havaya-ates-acan-6-sahis-20223962-haberi/,2026-09-10,Ankara’da düğünde havaya ateş açan 6 şahıs gözaltına alındı,https://www.instagram.com/reel/DdGEKGRiFNO/,2026-09-10T05:17:30Z
haberankara:https://www.haberankara.com/kecioren-haberleri/keciorende-geri-donusum-icin-yeni-adim-320636,2026-09-10,Keçiören’de geri dönüşüm için yeni adım,https://www.instagram.com/reel/DdHC1azD1-H/,2026-09-10T14:25:03Z
haberankara:https://www.haberankara.com/ankara/firari-feto-hukumlusu-ankarada-gizli-bolmede-yakalandi-320658,2026-09-10,Firari FETÖ hükümlüsü Ankara'da gizli bölmede yakalandı,https://www.instagram.com/reel/DdHan6dGLdf/,2026-09-10T17:52:58Z
haberankara:https://www.haberankara.com/is-dunyasi/aso-baskani-ardic-duyurdu-turkiyenin-ilk-sifir-atik-osbsi-ankarada-kurulacak-320666,2026-09-10,ASO Başkanı Ardıç duyurdu: Türkiye'nin ilk sıfır atık OSB'si Ankara'da kurulacak!,https://www.instagram.com/reel/DdHvCm_E3ql/,2026-09-10T20:51:22Z
haberankara:https://www.haberankara.com/kultur-sanat/turkiye-ile-cinin-diplomatik-iliskilerinin-55-yil-donumu-ankarada-konserle-kutlandi-320670,2026-09-10,Türkiye ile Çin'in diplomatik ilişkilerinin 55. yıl dönümü Ankara'da konserle kutlandı,https://www.instagram.com/reel/DdH-zurivhE/,2026-09-10T23:09:13Z
haberankara:https://www.haberankara.com/pursaklar-haberleri/pursaklar-belediye-baskani-cetin-endemik-vadide-buyukelci-eslerini-agirladi-320647,2026-09-11,"Pursaklar Belediye Başkanı Çetin, Endemik Vadi'de büyükelçi eşlerini ağırladı",https://www.instagram.com/reel/DdIt1_uFXeS/,2026-09-11T06:00:05Z
haberankara:https://www.haberankara.com/ankara/baskentte-duzenlenen-safak-operasyonunda-aranan-sahis-yakalandi-320683,2026-09-11,Başkentte düzenlenen şafak operasyonunda aranan şahıs yakalandı!,https://www.instagram.com/reel/DdJR9Y6lYDu/,2026-09-11T11:15:47Z
yeniankara:https://www.yeniankara.com.tr/ankara/mansur-yavastan-polatli-cikarmasi-gundemi-yogun-gecti-182468,2026-09-11,Mansur Yavaş’tan Polatlı çıkarması: Gündemi yoğun geçti,https://www.instagram.com/reel/DdJtOfUnX8k/,2026-09-11T15:13:59Z
haberankara:https://www.haberankara.com/otomobil/turkiye-offroad-sampiyonasinin-5-ayagi-cankayada-basladi-320711,2026-09-11,"Türkiye Offroad Şampiyonası'nın 5. ayağı, Çankaya'da başladı",https://www.instagram.com/reel/DdKFhDSDsFI/,2026-09-11T18:46:14Z
haberankara:https://www.haberankara.com/politika/bakan-fidan-suudi-arabistanli-mevkidasi-ile-telefonda-gorustu-320713,2026-09-11,"Bakan Fidan, Suudi Arabistanlı mevkidaşı ile telefonda görüştü",https://www.instagram.com/reel/DdKZ2aECctQ/,2026-09-11T21:43:56Z
haberankara:https://www.haberankara.com/teknoloji/milli-muharip-ucak-kaan-programi-icin-degerlendirme-toplantisi-duzenlendi-320696,2026-09-12,Milli Muharip Uçak KAAN Programı için değerlendirme toplantısı düzenlendi,https://www.instagram.com/reel/DdKrQ5cFJ9k/,2026-09-12T00:16:03Z
yeniankara:https://www.yeniankara.com.tr/ankara/hafta-sonu-plan-yapacaklar-icin-ankaranin-hava-durumu-nasil-olacak-182503,2026-09-12,Hafta sonu plan yapacaklar için Ankara'nın hava durumu nasıl olacak?,https://www.instagram.com/reel/DdLL7f_jOQN/,2026-09-12T05:01:31Z
haberankara:https://www.haberankara.com/ankara-kesfet/12-eylulun-aci-izleri-ankarada-burada-yillar-gecse-de-unutulmuyor-320725,2026-09-12,12 Eylül'ün acı izleri Ankara'da burada yıllar geçse de unutulmuyor!,https://www.instagram.com/reel/DdLpOPaDpmi/,2026-09-12T09:17:27Z
yeniankara:https://www.yeniankara.com.tr/ankara/itfaiye-meydani-neden-yikiliyor-hergelen-meydani-esnafi-ne-olacak-182566,2026-09-12,Ankara’nın tarihi İtfaiye Meydanı’nda yıkım sürüyor: Esnaf “Şimdi ne yapacağız?” diye soruyor,https://www.instagram.com/reel/DdMDsw6DQBh/,2026-09-12T13:08:40Z
yeniankara:https://www.yeniankara.com.tr/ankara/cankayada-alzheimer-ve-demans-merkezi-icin-calismalar-hiz-kesmeden-suruyor-182578,2026-09-12,Çankaya’da Alzheimer ve demans merkezi için çalışmalar hız kesmeden sürüyor,https://www.instagram.com/reel/DdMZvyCDg07/,2026-09-12T16:21:33Z
haberankara:https://www.haberankara.com/ankara/mamakta-beton-mikseri-otomobille-carpisti-1i-agir-5-yarali-320745,2026-09-12,Mamak'ta beton mikseri otomobille çarpıştı: 1’i ağır 5 yaralı,https://www.instagram.com/reel/DdMqRcHDQK9/,2026-09-12T18:45:51Z
yeniankara:https://www.yeniankara.com.tr/ankara/keciorende-ilk-zil-heyecani-ogrencilere-okul-cantasi-ve-hediye-seti-182585,2026-09-12,Keçiören’de ilk zil heyecanı: Öğrencilere okul çantası ve hediye seti,https://www.instagram.com/reel/DdM8yZRgfOX/,2026-09-12T21:27:32Z
haberankara:https://www.haberankara.com/is-dunyasi/diplomasi-ve-is-dunyasi-asonun-geleneksel-buyukelcilikler-resepsiyonunda-bulustu-320717,2026-09-12,Diplomasi ve iş dünyası ASO'nun Geleneksel Büyükelçilikler Resepsiyonu'nda buluştu,https://www.instagram.com/reel/DdNJv2Dly1r/,2026-09-12T23:20:56Z
haberankara:https://www.haberankara.com/ekonomi/okullarin-acilmasina-sayili-gunler-kala-velilerin-kirtasiye-alisverisi-hizlandi-320731,2026-09-13,Okulların açılmasına sayılı günler kala velilerin kırtasiye alışverişi hızlandı,https://www.instagram.com/reel/DdNYFfqgv4B/,2026-09-13T01:26:24Z
yeniankara:https://www.yeniankara.com.tr/guncel/15-ilde-ailem-guvende-operasyonu-aileyi-hedef-alan-aglar-cokertiliyor-182596,2026-09-13,15 ilde 'Ailem Güvende' operasyonu: Aileyi hedef alan ağlar çökertiliyor,https://www.instagram.com/reel/DdN81g6lUVQ/,2026-09-13T06:47:10Z
yeniankara:https://www.yeniankara.com.tr/ankara/ankarada-okula-merhaba-coskusu-atolyeler-gosteriler-ve-bilim-dolu-bir-gun-182653,2026-09-13,"Ankara'da 'okula merhaba' coşkusu: Atölyeler, gösteriler ve bilim dolu bir gün",https://www.instagram.com/reel/DdOlrMHlAji/,2026-09-13T12:44:10Z
yeniankara:https://www.yeniankara.com.tr/kizilcahamam/kizilcahamamda-uc-ayri-noktada-alevlerle-mucadele-suruyor-182659,2026-09-13,Kızılcahamam’da üç ayrı noktada alevlerle mücadele sürüyor! Yangındaki son durumu Başkan Acar açıkladı,https://www.instagram.com/reel/DdPC4NOj48v/,2026-09-13T16:59:22Z
yeniankara:https://www.yeniankara.com.tr/guncel/baskentte-okul-zili-guvenle-calacak-182663,2026-09-13,Başkentte okul zili güvenle çalacak: Ankara emniyetinden kapsamlı saha mesaisi,https://www.instagram.com/reel/DdPT7BUjXE3/,2026-09-13T19:28:12Z
yeniankara:https://www.yeniankara.com.tr/ankara/ankarada-14-eylulde-hangi-yollar-kapali-okullarin-ilk-gunu-icin-trafik-ve-ego-tedbirleri-182675,2026-09-14,14 Eylül’de Ankara trafiğinde hangi önlemler alınacak? İşte kapatılacak yollar,https://www.instagram.com/reel/DdP0TH3E-Wr/,2026-09-14T00:11:09Z
haberankara:https://www.haberankara.com/ankara/ankara-cankiri-sinirindaki-orman-yangini-sonduruldu-320772,2026-09-14,Ankara-Çankırı sınırındaki orman yangını söndürüldü,https://www.instagram.com/reel/DdQYglxkcEk/,2026-09-14T05:27:39Z
haberler:https://www.haberler.com/guncel/ankara-da-feto-operasyonu-4-supheli-gozaltina-20236044-haberi/,2026-09-14,Ankara’da FETÖ operasyonu: 4 şüpheli gözaltına alındı,https://www.instagram.com/reel/DdQ-ncBjGMe/,2026-09-14T11:00:42Z
haberankara:https://www.haberankara.com/kultur-sanat/cermodernde-yeni-sezon-es-zaman-insan-sergisiyle-basliyor-320810,2026-09-14,"CerModern'de yeni sezon ""Eş Zaman İnsan"" sergisiyle başlıyor",https://www.instagram.com/reel/DdRnnGNjNc5/,2026-09-14T16:58:49Z
haberankara:https://www.haberankara.com/saglik/lenfoma-hastaligina-farkindalik-icin-ankarada-pedal-cevirdiler-320816,2026-09-14,Lenfoma hastalığına farkındalık için Ankara'da pedal çevirdiler,https://www.instagram.com/reel/DdSC-vrDBWB/,2026-09-14T20:57:58Z
haberler:https://www.haberler.com/haber/baskentte-elektrikler-kesilecek-15-16-eylul-20237835-haberi/,2026-09-14,Başkent'te elektrikler kesilecek! 15-16 Eylül Ankara'da hangi ilçelerde elektrik kesintisi yaşanacak?,https://www.instagram.com/reel/DdSXB2yAHC7/,2026-09-14T23:53:10Z
yeniankara:https://www.yeniankara.com.tr/ankara/ankarada-sehirden-cikmadan-sehirden-uzaklasmis-hissi-veren-bolgeler-182800,2026-09-15,Ankara'da şehirden çıkmadan şehirden uzaklaşmış hissi veren bölgeler,https://www.instagram.com/reel/DdS5Ck4AaTQ/,2026-09-15T04:50:22Z
haberankara:https://www.haberankara.com/kultur-sanat/turkiye-kultur-yolu-festivalinin-siradaki-duragi-baskent-ankara-olacak-320848,2026-09-15,Türkiye Kültür Yolu Festivali'nin sıradaki durağı başkent Ankara olacak,https://www.instagram.com/reel/DdTc4Lxk7qb/,2026-09-15T10:03:33Z
yeniankara:https://www.yeniankara.com.tr/ankara/ankara-merkezli-feto-operasyonu-mahrem-aga-darbe-182885,2026-09-15,Ankara merkezli FETÖ operasyonu: Mahrem ağa darbe!,https://www.instagram.com/reel/DdT-yejCbZq/,2026-09-15T14:59:49Z
yeniankara:https://www.yeniankara.com.tr/ankara/abbden-genclere-egitim-destegi-100-yil-genclik-kutuphanesi-yeni-doneme-hazir-182899,2026-09-15,ABB'den gençlere eğitim desteği: 100. Yıl Gençlik Kütüphanesi yeni döneme hazır!,https://www.instagram.com/reel/DdUaKbqDdsa/,2026-09-15T18:59:04Z
yeniankara:https://www.yeniankara.com.tr/ankara/ankara-defterdarligi-enerjisini-gunesten-alacak-yilda-6-milyon-lira-tasarruf-182911,2026-09-15,Ankara Defterdarlığı enerjisini güneşten alacak: Yılda 6 milyon lira tasarruf!,https://www.instagram.com/reel/DdUwcXGlD6Z/,2026-09-15T22:13:37Z
haberankara:https://www.haberankara.com/ankara/yasa-disi-sorgulamalara-ankara-merkezli-mit-operasyonu-320885,2026-09-16,Yasa dışı sorgulamalara Ankara merkezli MİT operasyonu,https://www.instagram.com/reel/DdVl0kRERgq/,2026-09-16T06:00:09Z
haberankara:https://www.haberankara.com/ankara/ankarada-okul-cevresindeki-denetimlerde-75-karton-kacak-elektronik-sigara-tutunu-ele-gecirildi-320917,2026-09-16,Ankara'da okul çevresindeki denetimlerde 75 karton kaçak elektronik sigara tütünü ele geçirildi,https://www.instagram.com/reel/DdWLWQpDlQp/,2026-09-16T11:28:07Z
yeniankara:https://www.yeniankara.com.tr/guncel/2-aylik-esaret-bitti-nasuh-mahruki-hakkinda-tahliye-karari-183000,2026-09-16,2 aylık esaret bitti: Nasuh Mahruki hakkında tahliye kararı!,https://www.instagram.com/reel/DdWnjNYnPj0/,2026-09-16T15:34:33Z
haberler:https://www.haberler.com/guncel/polatli-da-gaziler-gunu-kutlandi-20244442-haberi/,2026-09-16,"Polatlı'da ""Gaziler Günü"" kutlandı",https://www.instagram.com/reel/DdW_xZsCAeZ/,2026-09-16T19:06:15Z
haberankara:https://www.haberankara.com/gundem/ankarada-da-4-kisinin-gozaltina-alindigi-istanbul-merkezli-operasyonda-20-kisi-tutuklandi-320947,2026-09-16,Ankara’da da 4 kişinin gözaltına alındığı İstanbul merkezli operasyonda 20 kişi tutuklandı,https://www.instagram.com/reel/DdXU1fPEcwk/,2026-09-16T22:10:09Z
haberler:https://www.haberler.com/guncel/motorin-ankara-da-101-50-liraya-cikti-fiyatlar-bos-20244793-haberi/,2026-09-17,"Motorin Ankara'da 101,50 liraya çıktı: Fiyatlar boş viteste, ücretlerde el freni çekilmiş gibi",https://www.instagram.com/reel/DdXnocWFp17/,2026-09-17T00:54:25Z
yeniankara:https://www.yeniankara.com.tr/ankara/17-eylul-2026-ankara-elektrik-kesintisi-cankaya-kecioren-ve-5-ilcede-kesinti-saatleri-182999,2026-09-17,17 Eylül Ankara elektrik kesintileri: Hangi ilçelerde elektrikler kesilecek?,https://www.instagram.com/reel/DdYLobjI3MP/,2026-09-17T06:09:05Z
haberankara:https://www.haberankara.com/sincan-haberleri/sincan-parka-kaykay-pisti-yapilacak-320988,2026-09-17,Sincan Park'a kaykay pisti yapılacak,https://www.instagram.com/reel/DdYxvSvDey5/,2026-09-17T11:42:02Z
haberankara:https://www.haberankara.com/is-dunyasi/aso-baskani-seyit-ardic-ankara-sanayisinin-3-vizyon-projesini-cumhurbaskani-erdogana-sundu-321004,2026-09-17,"ASO Başkanı Seyit Ardıç, Ankara sanayisinin 3 vizyon projesini Cumhurbaşkanı Erdoğan'a sundu",https://www.instagram.com/reel/DdZV5oNACVz/,2026-09-17T16:58:07Z
haberler:https://www.haberler.com/haberler/ankarada-yeni-nesil-suc-orgutlerine-operasyon-67-20248160-haberi/,2026-09-17,Ankara'da yeni nesil suç örgütlerine operasyon: 67 tutuklama,https://www.instagram.com/reel/DdZs6OqlQZl/,2026-09-17T20:19:03Z
haberankara:https://www.haberankara.com/ankara/polatlida-kacak-cep-telefonu-operasyonunda-4-supheli-yakalandi-321011,2026-09-17,Polatlı'da kaçak cep telefonu operasyonunda 4 şüpheli yakalandı,https://www.instagram.com/reel/DdZ0-KMEeYm/,2026-09-17T21:29:28Z
yeniankara:https://www.yeniankara.com.tr/ankara/ankarada-karakusunlar-ve-on-cebeci-icin-imar-plani-degisikligi-resmi-gazetede-183137,2026-09-17,"Çankaya’daki Hazine arazileri için Cumhurbaşkanı Kararı: Ticaret, turizm ve konut alanı geliyor",https://www.instagram.com/reel/DdaAIadj1jZ/,2026-09-17T23:07:04Z
haberankara:https://www.haberankara.com/teknoloji/ortaokul-ogrencileri-icin-yapay-zeka-egitim-programi-uygulamaya-alindi-321006,2026-09-18,Ortaokul öğrencileri için yapay zeka eğitim programı uygulamaya alındı,https://www.instagram.com/reel/DdaPOp_kze6/,2026-09-18T01:18:57Z
yeniankara:https://www.yeniankara.com.tr/ankara/18-eylul-ankarada-elektrik-kesintileri-cankaya-kecioren-golbasi-ve-diger-ilcelerde-kesinti-saatleri-183062,2026-09-18,18 Eylül Ankara'da elektrik kesintileri: Hangi ilçelerde elektrikler kesilecek?,https://www.instagram.com/reel/Ddaz4rWDSCn/,2026-09-18T06:39:16Z
yeniankara:https://www.yeniankara.com.tr/ankara/bilkent-sehir-hastanesinde-inme-merkezi-var-mi-hangi-tedaviler-uygulaniyor-183175,2026-09-18,Bilkent Şehir Hastanesi'nde İnme Merkezi var mı? Hangi tedaviler uygulanıyor?,https://www.instagram.com/reel/DdbB0J3iW0j/,2026-09-18T08:40:58Z
yeniankara:https://www.yeniankara.com.tr/kecioren/kecioren-okul-servisi-destegi-basladi-ucretleri-belediye-odeyecek-183206,2026-09-18,"Keçiören Belediyesi, Keçikart sahibi ailelerin çocuklarına okul servisi yardımı başlattı",https://www.instagram.com/reel/DdbXz0xDdaE/,2026-09-18T11:53:09Z
haberankara:https://www.haberankara.com/kecioren-haberleri/kecioren-belediyesi-kectas-20-engelli-personel-alimi-yapacagini-duyurdu-321045,2026-09-18,Keçiören Belediyesi KEÇTAŞ 20 engelli personel alımı yapacağını duyurdu,https://www.instagram.com/reel/Ddb2qnvgdbm/,2026-09-18T16:22:47Z
haberankara:https://www.haberankara.com/ankara-buyuksehir-belediyesi/askiden-kecioren-ve-yenimahallede-24-saatlik-su-kesintisi-duyurusu-321063,2026-09-18,ASKİ'den Keçiören ve Yenimahalle'de 24 saatlik su kesintisi duyurusu,https://www.instagram.com/reel/DdcKGmaElh5/,2026-09-18T19:12:37Z
haberankara:https://www.haberankara.com/ankara/yas-sebze-ve-meyve-sorusturmasinda-gozaltina-alinan-40-supheli-tutuklandi-321068,2026-09-18,Yaş sebze ve meyve soruşturmasında gözaltına alınan 40 şüpheli tutuklandı,https://www.instagram.com/reel/DdccbyxjS9L/,2026-09-18T21:52:48Z
yeniankara:https://www.yeniankara.com.tr/ankara/ankarada-telsizler-semtinin-adi-nereden-geliyor-183262,2026-09-19,Ankara’da Telsizler semtinin adı nereden geliyor?,https://www.instagram.com/reel/DdctFGTDTMn/,2026-09-19T00:18:09Z
haberankara:https://www.haberankara.com/saglik/65-yas-ustune-grip-uyarisi-komplikasyon-riski-yuksek-321043,2026-09-19,65 yaş üstüne grip uyarısı: Komplikasyon riski yüksek!,https://www.instagram.com/reel/DddNvNeiuuK/,2026-09-19T05:03:47Z
haberler:https://www.haberler.com/guncel/32-ulkeden-36-askeri-atase-mke-fabrikalarini-20252282-haberi/,2026-09-19,"32 ülkeden 36 askeri ataşe, MKE fabrikalarını gezerek MPT-55 ile atış yaptı",https://www.instagram.com/reel/DddsBX3lIIy/,2026-09-19T09:28:15Z
haberankara:https://www.haberankara.com/ankara/ankarada-20-eylulde-trafige-kapatilacak-yollar-aciklandi-321089,2026-09-19,Ankara'da 20 Eylül'de trafiğe kapatılacak yollar açıklandı,https://www.instagram.com/reel/DdeHOqujMzk/,2026-09-19T13:26:00Z
haberankara:https://www.haberankara.com/ankara-kesfet/bir-sofrada-ankara-etkinliginde-ankara-lezzetlerinin-tanitimi-yapildi-321094,2026-09-19,"""Bir Sofrada Ankara"" etkinliğinde Ankara lezzetlerinin tanıtımı yapıldı",https://www.instagram.com/reel/DdeejHzFOXN/,2026-09-19T16:49:44Z
haberler:https://www.haberler.com/spor/ankara-daki-artistik-buz-pateni-gencler-grand-prix-20253854-haberi/,2026-09-19,Ankara'daki Artistik Buz Pateni Gençler Grand Prix'de 39 ülkeden 144 sporcu yarıştı.,https://www.instagram.com/reel/DdevzPGjV8w/,2026-09-19T19:20:31Z
yeniankara:https://www.yeniankara.com.tr/ankara/ankarada-sapkalilar-cetesine-darbe-5-supheli-tutuklandi-183352,2026-09-19,Ankara'da 'Şapkalılar' çetesine darbe: 5 şüpheli tutuklandı!,https://www.instagram.com/reel/DdfAZRljYr6/,2026-09-19T21:45:33Z
yeniankara:https://www.yeniankara.com.tr/kecioren/asagi-eglence-adi-nereden-geliyor-keciorendeki-mahallenin-sasirtan-hikayesi-183301,2026-09-20,"Aşağı Eğlence adı nereden geliyor? Ud, keman ve piyano eşliğindeki toplantılar iz bırakmış olabilir",https://www.instagram.com/reel/DdfQ6KdlUlC/,2026-09-20T00:09:49Z
yeniankara:https://www.yeniankara.com.tr/ankara/roketsanin-ankara-tesislerinde-ne-uretiliyor-elmadag-ve-lalahandaki-uretim-hatlari-183310,2026-09-20,"SİPER, HİSAR, TAYFUN ve daha fazlası: ROKETSAN’ın Ankara’daki üretim gücü",https://www.instagram.com/reel/Ddf09haGIGZ/,2026-09-20T05:24:50Z
haberankara:https://www.haberankara.com/kecioren-haberleri/kecioren-belediyesi-kahraman-gazilerimiz-icin-ozel-davet-duzenledi-321123,2026-09-20,Keçiören Belediyesi kahraman gazilerimiz için özel davet düzenledi,https://www.instagram.com/reel/DdgVSXrk3sc/,2026-09-20T10:07:19Z
haberankara:https://www.haberankara.com/ankara/ankarada-yasakli-madde-operasyonu-26-supheli-tutuklandi-321133,2026-09-20,Ankara'da yasaklı madde operasyonu: 26 şüpheli tutuklandı,https://www.instagram.com/reel/DdgxtcYG72C/,2026-09-20T14:15:41Z
haberankara:https://www.haberankara.com/politika/alparslan-dogan-yeniden-mhp-ankara-il-baskanligina-secildi-321139,2026-09-20,"Alparslan Doğan, yeniden MHP Ankara İl Başkanlığına seçildi",https://www.instagram.com/reel/DdhJSDWk0c0/,2026-09-20T17:41:41Z
haberankara:https://www.haberankara.com/kecioren-haberleri/kecioren-belediyesinden-bagimliliga-degil-hayata-baglan-yuruyusu-321126,2026-09-20,"Keçiören Belediyesinden 'Bağımlılığa Değil, Hayata Bağlan' yürüyüşü",https://www.instagram.com/reel/DdheoILj-C3/,2026-09-20T20:48:13Z
haberankara:https://www.haberankara.com/ankara/sincanda-akulu-aracina-otomobilin-carptigi-engelli-genc-hayatini-kaybetti-321150,2026-09-20,Sincan'da akülü aracına otomobilin çarptığı engelli genç hayatını kaybetti,https://www.instagram.com/reel/DdhvYfdiTcb/,2026-09-20T23:14:36Z
yeniankara:https://www.yeniankara.com.tr/ankara/ankarada-ogrencilerin-donusuyle-degisen-7-bolge-183441,2026-09-21,Ankara’da öğrencilerin dönüşüyle değişen 7 bölge,https://www.instagram.com/reel/DdiAKDIiHAz/,2026-09-21T01:41:11Z
yeniankara:https://www.yeniankara.com.tr/ankara/baskentte-pedal-devrimi-ataturk-orman-ciftliginde-elektrikli-bisiklet-donemi-basladi-183473,2026-09-21,Başkent'te pedal devrimi: Elektrikli bisiklet dönemi başladı!,https://www.instagram.com/reel/DdirQwuG5vy/,2026-09-21T07:57:48Z
haberankara:https://www.haberankara.com/ankara/ankarada-cesitli-suclardan-aranan-122-sahis-yakalandi-321195,2026-09-21,Ankara'da çeşitli suçlardan aranan 122 şahıs yakalandı,https://www.instagram.com/reel/DdjccjPgOzb/,2026-09-21T15:07:40Z
yeniankara:https://www.yeniankara.com.tr/ankara/ankarada-okul-cevrelerinde-siki-denetim-binlerce-kisi-ve-yuzlerce-arac-kontrol-edildi-183549,2026-09-21,Ankara'da okul çevrelerinde sıkı denetim: Binlerce kişi ve yüzlerce araç kontrol edildi,https://www.instagram.com/reel/Ddj-C-7iGig/,2026-09-21T20:01:16Z
haberankara:https://www.haberankara.com/ankara/keciorende-motosiklet-caldiklari-iddia-edilen-2-supheli-altindagda-yakalandi-321214,2026-09-21,Keçiören'de motosiklet çaldıkları iddia edilen 2 şüpheli Altındağ'da yakalandı,https://www.instagram.com/reel/DdkUaxEio6Q/,2026-09-21T23:16:49Z
haberankara:https://www.haberankara.com/teknoloji/insansiz-helikopter-sistemi-dumrul-repmus-2026da-uluslararasi-arenada-boy-gosterdi-321212,2026-09-22,"İnsansız helikopter sistemi DUMRUL, REPMUS 2026'da uluslararası arenada boy gösterdi",https://www.instagram.com/reel/DdkmRKAjC5R/,2026-09-22T01:52:32Z
haberankara:https://www.haberankara.com/ankara/suruculer-dikkat-ankara-cevre-otoyolunda-calisma-duyurusu-321221,2026-09-22,Sürücüler dikkat! Ankara Çevre Otoyolu'nda çalışma duyurusu,https://www.instagram.com/reel/DdlGphSFB8v/,2026-09-22T06:35:36Z
haberankara:https://www.haberankara.com/kecioren-haberleri/kecioren-belediyesi-zabita-ekipleri-ogrencilerin-guvenligi-icin-sahada-321226,2026-09-22,Keçiören Belediyesi zabıta ekipleri öğrencilerin güvenliği için sahada!,https://www.instagram.com/reel/DdlOYyMiuLi/,2026-09-22T07:43:16Z
yeniankara:https://www.yeniankara.com.tr/altindag/altinkoy-turk-dunyasi-festivali-ne-zaman-iste-program-183637,2026-09-22,Altınköy Türk Dünyası Festivali 24 Eylül’de başlıyor,https://www.instagram.com/reel/Ddl1gFUDxOX/,2026-09-22T13:25:01Z
haberler:https://www.haberler.com/guncel/bakan-bak-turkiye-cimnastik-federasyonunun-20261722-haberi/,2026-09-22,"Bakan Bak, Türkiye Cimnastik Federasyonunun Etimesgut'taki yeni binasını açtı",https://www.instagram.com/reel/DdmThKYnXnq/,2026-09-22T17:47:20Z
haberankara:https://www.haberankara.com/ankara/keciorende-yogun-yagistan-yol-coktu-araclar-olusan-cukurda-kaldi-321270,2026-09-22,"Keçiören'de yoğun yağıştan yol çöktü, araçlar oluşan çukurda kaldı",https://www.instagram.com/reel/DdmreHlFT0f/,2026-09-22T21:16:32Z
yeniankara:https://www.yeniankara.com.tr/ankara/cankaya-kecioren-sincan-iste-ankaranin-23-eylul-nobetci-eczane-listesi-183624,2026-09-22,"Çankaya, Keçiören, Sincan... İşte Ankara'nın 23 Eylül nöbetçi eczane listesi",https://www.instagram.com/reel/Ddm9DsPFSQH/,2026-09-22T23:50:17Z
haberankara:https://www.haberankara.com/ankara/askiden-yenimahallede-13-saatlik-planli-su-kesintisi-duyurusu-321278,2026-09-23,ASKİ'den Yenimahalle'de 13 saatlik planlı su kesintisi duyurusu,https://www.instagram.com/reel/Ddnef9WFcE0/,2026-09-23T04:42:31Z
haberler:https://www.haberler.com/3-sayfa/ankara-kecioren-de-sel-sonrasi-yolda-cokuntu-20263657-haberi/,2026-09-23,"Ankara Keçiören'de sel sonrası yolda çöküntü, yaklaşık 15 otomobil çukura saplandı",https://www.instagram.com/reel/DdoCorZndx-/,2026-09-23T09:58:19Z
haberler:https://www.haberler.com/guncel/ankara-cubuk-ta-atm-yanindaki-park-halindeki-20264839-haberi/,2026-09-23,Ankara'da akaryakıt istasyonunda şüpheli ölüm! Çalışır haldeki otomobilde 2 kişi ölü bulundu,https://www.instagram.com/reel/DdolPgTHU6e/,2026-09-23T15:00:40Z
haberankara:https://www.haberankara.com/ankara/suudi-arabistan-milli-gunu-icin-ankaranin-simge-noktalarinda-ozel-gosterim-321330,2026-09-23,Suudi Arabistan Milli Günü için Ankara'nın simge noktalarında özel gösterim,https://www.instagram.com/reel/DdpBFGtgDwW/,2026-09-23T19:03:57Z
haberankara:https://www.haberankara.com/ankara/yapay-zekayla-kamu-gorevlileriyle-iliskili-oldugu-izlenimi-veren-supheli-keciorende-yakalandi-321335,2026-09-23,Yapay zekayla kamu görevlileriyle ilişkili olduğu izlenimi veren şüpheli Keçiören'de yakalandı,https://www.instagram.com/reel/DdpXU_3CEJi/,2026-09-23T22:18:22Z
yeniankara:https://www.yeniankara.com.tr/ankara/ankarada-ayni-sehirde-bambaska-hayatlar-ilcelerin-karakter-haritasi-183799,2026-09-24,Ankara’da aynı şehirde bambaşka hayatlar: İlçelerin karakter haritası,https://www.instagram.com/reel/DdppOXhDFwO/,2026-09-24T00:54:42Z
haberankara:https://www.haberankara.com/ankara/etimesgutta-gece-yarisi-yangin-panigi-apartman-tahliye-edildi-321346,2026-09-24,Etimesgut'ta gece yarısı yangın paniği: Apartman tahliye edildi!,https://www.instagram.com/reel/DdqNXSqjPN-/,2026-09-24T06:10:23Z
yeniankara:https://www.yeniankara.com.tr/ankara/ego-e-bisiklet-nasil-kiralanir-iste-kiralama-ucreti-ve-kullanim-sartlari-183881,2026-09-24,EGO E-Bisiklet nasıl kiralanır? İşte kiralama ücreti ve kullanım şartları,https://www.instagram.com/reel/Ddq23WDiqqE/,2026-09-24T12:13:08Z
